,Well,seq
0,A9,MLLNEREKLKLELLLLILTDPEKAQEYLEKEKRLNKKEKLELKLLYLILHDPEKAQEVLENDESLNEREKTELQLLYLILHKPEEAKKVLETDERLDEREKRELKLLLLILTKPEEAQKVLENDKRLNEREKTKLRLLLLILTDPEEARKVLAEL
1,A10,SNYEYIIEYTPEAKALVDALIQEIKDALKEKGLEHLYTITKEEENGKYKYTITYKPEAKELIDKLIEEIKEALKERGLSDLYKIEKKEQP
2,A11,SELPDEVFDRNLRHFLSHLFTDGREEEAFEEMKKVYKEKSIVEAFRYLWEKLLSLPEEQWLKNLENFLSHLLNNGREKELLERAKEWRKTLSPEEFLRKLWEMLLSLPDEEWEANLRHFLSHLLSDGREEELFERALKLRRELSAEEFLEELYRAL
3,B1,GGKEKYSLKDLAELLERVLRGEVEAGPILLETPEGKREYSGRELAEALERALQGEITLPDLILETKEGKKRYSGRDFAKYLEDVLKGEIEGEDILLETP
4,B3,GPLGAPVYIRVTIKNNKIVSATVLVEEDGKEQEVDTDDWFAIPVKPVDKSFKDAEYRLRVKIKNNKIEKQELVVKVDGKSEKVDTDKPFLIPVTPENPDFPKAKYYLEVTIKNNKIVSATFRVEQDGKEQEIDTDDSFLIPVELVPP
5,B4,SYSEFKELSENEPITITLAPNSEEFTVSFPGDKVIELPEIPQEKKNEIYNKIKNLLLDHVKKHAPEKYEEFKELTSTNPITITLGRGTDEFTVSFPSDKKFELPKLPQEEKDALYEKIKSLLLDIVKANKPD
6,B8,MKEFSNLDSLLEAIKEYAPFVIRDGDKFVLFRKDGTYKEFKNRDDLLKAVKEYAPFVIRDGDKFLLFTKDGTYKEFSDIDSLLEAVKDYAPFLIRDGDKFVLFFKDGTYKEFKDLKSLYEAVKDYAPFVIRDGDKYVLITKKPE
7,C5,MTLEISSPGTVKIRMPKEDYEKAEIETNGEVTTKQTAPGSDTVEITASSPITLKFKEPVTLEISSPGTVEILMSREQYEATEIETSGTVTTEQVAPGSDLVRITADSPITLTWKKP
8,C6,MNETYVFHDKETDTTRTITVESKTENVNGKKVHTITLTTTETDKNGNVHTETLTLLIDDEEVKLEADPSVGKKVSEKDGWQDFYNEETNETRRVKVEAKEENQDGVKVRTITLTVERTDKNGNVHTETLTLRIDDNETKLEADPSVGEKVSK
9,C7,MKLEFPVPSDIKTSNIQKIEIKITLPDKTYTAVFEKDSNGNQNSTLKITPSDSSEAFTFNNNYSFSVENGVLHLEFPVPDQVKEENIEKIEIKITLPDKTYTITLEKTADGKWNDELKITPSDSKESFVFKNNFKFEYIEKK
10,C9,MVRKYFEGSLLALRVEREPEKEEELRAKAEEKGIKKEFEGTLLALRVERRPEERERLEAKAEEHGIKKEFEGSLLALEVERNPEKREELKAKAKEKGIEDEFLGTLLALEVERHPERREELLAKAEAL
11,C11,STTFHVKKVPGKDEWEGKRGDKDFTQKPVPGKDEWEGMHGDKKFTQKKVPGKDEWEGMHGDKKFTEEKVPGEDRWEGQEGDKEFQVEKVPGKDEWEGEFS
12,D4,MTPQSVEIDGVKLSLEATPDKLVLSIEKDGKTYKVSGNRKTKKSTPVEIDGVTYELLLEEDTLTLKIYKNGKTYSVSGNRKTKKPTSVEIDGVTYSLLLEPDRLTLSIEKDGKTYSVSADFSS
13,D8,SKKKISKHEAKSRVYRALVPDLTITKNGEIIYNGKKISKWEAESLVYRALVPDLTITENGEIIYKGKKISKWEAESLVYRALVPDLSISKDGKYYRKGKEIDKNTAQSAVYRALVPDLDITPDGTIVK
14,E3,SLSKEQFEKFLEALKKYFDALKNNEDLTELKKEFKEVLNKIVPMSDEQFEEFFEALKKYFDALKNNEDTTELKKEFYEVLQKIVPMSEEKFDEFLEALEKYFDALKNNKDTKEIEEEFRKVLNKLL
15,E5,MDSLEAAEFGREAADAGETRTRTIGDYTVLVDTSRRPYVIVVRSDNPDSQKAAELGKKAIDAGKSEEKEIGDWRVIVNAGDRPYVIVVRADDPDSLAAAEYAKKAVEAGKTEEKEIGDWVVLVRSDDRPYVIVVPKKD
16,E6,DTRTITVRSGDETRTYEVTEEYTENGKKYITVKDGDETRTWEVEKEWTENGKKYITVKNGDEKRTWEVLEEKDDP
17,E7,MVAKEFRGSLLALEVERHPELREELKAEAEKEGIEKEFLGSLLALEVERHPEKREELEAKAKEEGIEKEFEGSLLALEVERHPEREEELLARAKEIGIEDEFRGSLLALEVERHPEREAELLAEAEAR
18,E8,SPTPLETLPLEELERRALKIYLRRHGSVPEEEIETMPLEELERKALQDYLRRYGTLPEEEIETMPLEELEREALKNYLRRYGTLPEEEIDTMPLEELEREALKNYLRRYGSLPPEELEKLPLEELERKALIEYLRRYGPS
19,E9,MLKEIVENLTADKIRALALLEEYMKRNGIKNWEEVYKLAKKYEEENIDDPVLKEIVDKLTVEKIEALAILEKYMKKHNIKNWEELYELAKRYEEENIDDPDLKKIVENLTIDKIRALALLEKYMKENNIKNWEEVYADAEALVEEEEKKK
20,E12,SLFKGTKTEPYLKEIAENRKKIVEAKKKGDEEEVFKYEEKVAEGYKKLYELFKGTEEEPYLKELYDNYKKVLEAKKKGDEEKVREEEEKIVEAYKKLTELLKGTKEEPYAKELYDNYKEVLEKKKEGNEEEVLKYEEKIVEAYEKVA
21,F1,DPSKKYKIEVPATATPEEAWALIKENFPNAYLVIEVERKDDGERHELRVPATASPEEAWEIIKANYPDADVVIEIKNKKNGETHEVRVPATASPEEAWAYIKENYPDADVVIEVEAP
22,F3,MLEKLKEIAKESGYPVDDSHLEFEAKKSQLPEEYSDVEEIRAELKKIAEESKYPKDDAYLDFEAAKSLLPRQYSDVEELEKQLKEIAKESKYPVDEAEIRFEARYSLLPRRSDDEEELLAELRRVAAESGYPVDDARLAFEARYLILVKELKEAKS
23,F6,SQKRYYVRTLEEKEGGVLLVEIRAADPDSEWERYHVRKLEEDEGGLILIEIRRADPDSPWERYYVRVLERRPGGLELVEIEKDEDRK
24,F7,SKLKEMGLKDLAEALKYLVEIFESKDEEEKEALLKKIEEIAEELKKKGLEDLAEALKNLVKIFESKDEEEKKKLLEKIKEIAEKLKEKGLDLLAELLENLVEIFESKDEKEKKKLLKKIEEAA
25,F9,SLENIKKNVPEWIKEKYGELEIEREGGWYLFTFTKGDETYYSLYVDFSSFSGVEDLRRSVPEWIRDKFGEITVEKKGNWYVFTFKKGDKTYYSLYVDFSGFSGLEDLQNSVPEWIREKYGEVTIEKKGNWYVLTFKRGDETYYSLYVDESGIP
26,F10,GPNELLERLEKLLEELKKASEEEKEKVREEILKVLEEYLKEHADELEKNPLLKELAELLEKLKKASEEEKEKVREELLEKLKELLEKLKKEE
27,F11,SGNKVKEVKIYPNDPNSNKVYSLEELEKVDDNYYIEIDLTEEYSKDLKFLEETVKELKEKFGDKIEKIDFYPNDPNSNTVLSQEELKKTDLDFKIRITLKEEYSKNLEFLKELVKWIKES
28,G1,SKDENNNYVIRLLLPNTPEVKALVEKLKKELKEAGIPFEIHKDENNRWVIRFREPNTPKVKEFLKKLKEELKKAGIPFEL
29,G3,GSGHHHYKPGVDPEEIEAELSTLPFDPEEFRKLARLVKFVRDNDYYVKPDGTKVYKPGVDPKEIEAERKTLPFDEEEFKKLAYLVKFVRDYDLWVAPDGTTHYKEGVDEEEIREELSKLPFDEEELRRLARLVKFVRDHDYYID
30,G6,DKLKERGLHDLAEFVKKIVEIFESKDEEKKEELLKKIKEIAEKLKKQGLTDLAEALNNIVKIFESKDEEEKKKLLKKIEEIAKKLKEQGLTDLAELLNNIVKIFESKDEKEKKELLKKIEELA
31,H2,MFTLKITVEKTKLTVVLTFDKESEKVKEFLKKLKEEIEKFFEEYESKHKEFLEKYPYTLTITEGKTTLTVVIEFEKESPEVKEFLKELEKEIKKFFEEFLGKHKDFLDSL
32,H4,SELEALIREVEATAAAVVAGGPAEPFAAALAALRAAVEKLNNEELLELIDAVEEAAAAVEAGGPRAPFEEALRALREAARRLEA
33,H5,GPQPKIVSISKAAKDKGIYVTKVTVVDGYVELDIYKNDEELGKVRIDITPEKPKIVSISEKAKEKGITVTEVEVVDGEVKLKIYKGDEELGEVTIKIP
34,H8,MKEIIKKLKEAIFNGKNITFEFDPEEVAKHREKLEALFKQILALAKGTPLEEVLSKLKEAYEAGKTITFSFDPEWIKKNKEKFDKLFKEIEKLLEELE
35,H9,MKIFYLALEKEEELKTLNFDEFLELIEAGFSEEEKEKISPKTIRTAARILWLALQREEELKDLDFEQVLELLRAGFTPEEQEEISPETIETATLILYKALELKEELESLDEDQALELLTASLSKEEQEKISPEKIEAL
36,H10,SKYVVIDGEGNEYEFTDLKEAAAKAKELKKKYGFASISVPVEPDEVAVVDGKGNEHTFTDIKKAVEKAKELAKETGFASISVPVEPDEYLVIDGKGNEHKFTDLKEAVAKAKELKKKYGFASVSVPVPA
37,H12,SSDFQERLKTPKYDTPEVKEAEALIEKAKTDPTQLSPEQLFAYLLYHYLSGDEEFQEKLKTPEFDTPEIRAAVAAIERAQTDPLVLSPEQLFAYLLYHLLSGDEAFKKELETPKYDTPEIKEAREKIEQAKTDPTKLSPEQLFAYLLYYYESS
